timestamp,mac,rssi,drone_lat,drone_long,drone_altitude,pilot_lat,pilot_long,basic_id,faa_data
2026-10-04T15:00:00.123456,60:60:1f:aa:aa:01,-70,54.7,25.29,50,54.700,25.290,1581F5FJDLOG0000001,"{""make"": ""DJI"", ""note"": ""a, \""quoted\"" value""}"
2026-10-04T15:00:00.123456,60:60:1f:bb:bb:02,-75,54.69,25.3,30,54.689,25.300,,"{}"
2026-10-04T15:00:02.123456,60:60:1f:aa:aa:01,-70,54.7002,25.2903,51,54.700,25.290,1581F5FJDLOG0000001,"{""make"": ""DJI"", ""note"": ""a, \""quoted\"" value""}"
2026-10-04T15:00:02.123456,60:60:1f:bb:bb:02,-75,54.6898,25.3,30,54.689,25.300,,"{}"
2026-10-04T15:00:04.123456,60:60:1f:aa:aa:01,-70,54.7004,25.290599999999998,52,54.700,25.290,1581F5FJDLOG0000001,"{""make"": ""DJI"", ""note"": ""a, \""quoted\"" value""}"
2026-10-04T15:00:04.123456,60:60:1f:bb:bb:02,-75,54.6896,25.3,30,54.689,25.300,,"{}"
2026-10-04T15:00:06.123456,60:60:1f:aa:aa:01,-70,54.7006,25.2909,53,54.700,25.290,1581F5FJDLOG0000001,"{""make"": ""DJI"", ""note"": ""a, \""quoted\"" value""}"
2026-10-04T15:00:06.123456,60:60:1f:bb:bb:02,-75,54.6894,25.3,30,54.689,25.300,,"{}"
2026-10-04T15:00:08.123456,60:60:1f:aa:aa:01,-70,54.7008,25.2912,54,54.700,25.290,1581F5FJDLOG0000001,"{""make"": ""DJI"", ""note"": ""a, \""quoted\"" value""}"
2026-10-04T15:00:08.123456,60:60:1f:bb:bb:02,-75,54.6892,25.3,30,54.689,25.300,,"{}"
2026-10-04T15:00:10.123456,60:60:1f:aa:aa:01,-70,54.701,25.2915,55,54.700,25.290,1581F5FJDLOG0000001,"{""make"": ""DJI"", ""note"": ""a, \""quoted\"" value""}"
2026-10-04T15:00:10.123456,60:60:1f:bb:bb:02,-75,54.689,25.3,30,54.689,25.300,,"{}"
2026-10-04T15:00:12.123456,60:60:1f:aa:aa:01,-70,54.7012,25.2918,56,54.700,25.290,1581F5FJDLOG0000001,"{""make"": ""DJI"", ""note"": ""a, \""quoted\"" value""}"
2026-10-04T15:00:12.123456,60:60:1f:bb:bb:02,-75,54.6888,25.3,30,54.689,25.300,,"{}"
2026-10-04T15:00:14.123456,60:60:1f:aa:aa:01,-70,54.7014,25.292099999999998,57,54.700,25.290,1581F5FJDLOG0000001,"{""make"": ""DJI"", ""note"": ""a, \""quoted\"" value""}"
2026-10-04T15:00:14.123456,60:60:1f:bb:bb:02,-75,54.6886,25.3,30,54.689,25.300,,"{}"
2026-10-04T15:00:16.123456,60:60:1f:aa:aa:01,-70,54.701600000000006,25.2924,58,54.700,25.290,1581F5FJDLOG0000001,"{""make"": ""DJI"", ""note"": ""a, \""quoted\"" value""}"
2026-10-04T15:00:16.123456,60:60:1f:bb:bb:02,-75,54.688399999999994,25.3,30,54.689,25.300,,"{}"
2026-10-04T15:00:18.123456,60:60:1f:aa:aa:01,-70,54.701800000000006,25.2927,59,54.700,25.290,1581F5FJDLOG0000001,"{""make"": ""DJI"", ""note"": ""a, \""quoted\"" value""}"
2026-10-04T15:00:18.123456,60:60:1f:bb:bb:02,-75,54.688199999999995,25.3,30,54.689,25.300,,"{}"
2026-10-04T15:00:20.123456,60:60:1f:aa:aa:01,-70,54.702000000000005,25.293,60,54.700,25.290,1581F5FJDLOG0000001,"{""make"": ""DJI"", ""note"": ""a, \""quoted\"" value""}"
2026-10-04T15:00:20.123456,60:60:1f:bb:bb:02,-75,54.687999999999995,25.3,30,54.689,25.300,,"{}"
2026-10-04T15:00:22.123456,60:60:1f:aa:aa:01,-70,54.702200000000005,25.2933,61,54.700,25.290,1581F5FJDLOG0000001,"{""make"": ""DJI"", ""note"": ""a, \""quoted\"" value""}"
2026-10-04T15:00:22.123456,60:60:1f:bb:bb:02,-75,54.687799999999996,25.3,30,54.689,25.300,,"{}"
2026-10-04T15:00:24.123456,60:60:1f:aa:aa:01,-70,54.702400000000004,25.293599999999998,62,54.700,25.290,1581F5FJDLOG0000001,"{""make"": ""DJI"", ""note"": ""a, \""quoted\"" value""}"
2026-10-04T15:00:24.123456,60:60:1f:bb:bb:02,-75,54.687599999999996,25.3,30,54.689,25.300,,"{}"
2026-10-04T15:00:26.123456,60:60:1f:aa:aa:01,-70,54.702600000000004,25.2939,63,54.700,25.290,1581F5FJDLOG0000001,"{""make"": ""DJI"", ""note"": ""a, \""quoted\"" value""}"
2026-10-04T15:00:26.123456,60:60:1f:bb:bb:02,-75,54.6874,25.3,30,54.689,25.300,,"{}"
2026-10-04T15:00:28.123456,60:60:1f:aa:aa:01,-70,54.7028,25.2942,64,54.700,25.290,1581F5FJDLOG0000001,"{""make"": ""DJI"", ""note"": ""a, \""quoted\"" value""}"
2026-10-04T15:00:28.123456,60:60:1f:bb:bb:02,-75,54.6872,25.3,30,54.689,25.300,,"{}"
2026-10-04T15:00:30.123456,60:60:1f:aa:aa:01,-70,54.703,25.2945,65,54.700,25.290,1581F5FJDLOG0000001,"{""make"": ""DJI"", ""note"": ""a, \""quoted\"" value""}"
2026-10-04T15:00:30.123456,60:60:1f:bb:bb:02,-75,54.687,25.3,30,54.689,25.300,,"{}"
2026-10-04T15:00:32.123456,60:60:1f:aa:aa:01,-70,54.7032,25.2948,66,54.700,25.290,1581F5FJDLOG0000001,"{""make"": ""DJI"", ""note"": ""a, \""quoted\"" value""}"
2026-10-04T15:00:32.123456,60:60:1f:bb:bb:02,-75,54.6868,25.3,30,54.689,25.300,,"{}"
2026-10-04T15:00:34.123456,60:60:1f:aa:aa:01,-70,54.7034,25.295099999999998,67,54.700,25.290,1581F5FJDLOG0000001,"{""make"": ""DJI"", ""note"": ""a, \""quoted\"" value""}"
2026-10-04T15:00:34.123456,60:60:1f:bb:bb:02,-75,54.6866,25.3,30,54.689,25.300,,"{}"
2026-10-04T15:00:36.123456,60:60:1f:aa:aa:01,-70,54.7036,25.2954,68,54.700,25.290,1581F5FJDLOG0000001,"{""make"": ""DJI"", ""note"": ""a, \""quoted\"" value""}"
2026-10-04T15:00:36.123456,60:60:1f:bb:bb:02,-75,54.6864,25.3,30,54.689,25.300,,"{}"
2026-10-04T15:00:38.123456,60:60:1f:aa:aa:01,-70,54.7038,25.2957,69,54.700,25.290,1581F5FJDLOG0000001,"{""make"": ""DJI"", ""note"": ""a, \""quoted\"" value""}"
2026-10-04T15:00:38.123456,60:60:1f:bb:bb:02,-75,54.6862,25.3,30,54.689,25.300,,"{}"
2026-10-04T15:00:40.123456,60:60:1f:aa:aa:01,-70,54.704,25.296,70,54.700,25.290,1581F5FJDLOG0000001,"{""make"": ""DJI"", ""note"": ""a, \""quoted\"" value""}"
2026-10-04T15:00:40.123456,60:60:1f:bb:bb:02,-75,54.686,25.3,30,54.689,25.300,,"{}"
2026-10-04T15:00:42.123456,60:60:1f:aa:aa:01,-70,54.7042,25.2963,71,54.700,25.290,1581F5FJDLOG0000001,"{""make"": ""DJI"", ""note"": ""a, \""quoted\"" value""}"
2026-10-04T15:00:42.123456,60:60:1f:bb:bb:02,-75,54.6858,25.3,30,54.689,25.300,,"{}"
2026-10-04T15:00:44.123456,60:60:1f:aa:aa:01,-70,54.7044,25.296599999999998,72,54.700,25.290,1581F5FJDLOG0000001,"{""make"": ""DJI"", ""note"": ""a, \""quoted\"" value""}"
2026-10-04T15:00:44.123456,60:60:1f:bb:bb:02,-75,54.6856,25.3,30,54.689,25.300,,"{}"
2026-10-04T15:00:46.123456,60:60:1f:aa:aa:01,-70,54.704600000000006,25.2969,73,54.700,25.290,1581F5FJDLOG0000001,"{""make"": ""DJI"", ""note"": ""a, \""quoted\"" value""}"
2026-10-04T15:00:46.123456,60:60:1f:bb:bb:02,-75,54.685399999999994,25.3,30,54.689,25.300,,"{}"
2026-10-04T15:00:48.123456,60:60:1f:aa:aa:01,-70,54.704800000000006,25.2972,74,54.700,25.290,1581F5FJDLOG0000001,"{""make"": ""DJI"", ""note"": ""a, \""quoted\"" value""}"
2026-10-04T15:00:48.123456,60:60:1f:bb:bb:02,-75,54.685199999999995,25.3,30,54.689,25.300,,"{}"
2026-10-04T15:00:50.123456,60:60:1f:aa:aa:01,-70,54.705000000000005,25.2975,75,54.700,25.290,1581F5FJDLOG0000001,"{""make"": ""DJI"", ""note"": ""a, \""quoted\"" value""}"
2026-10-04T15:00:50.123456,60:60:1f:bb:bb:02,-75,54.684999999999995,25.3,30,54.689,25.300,,"{}"
2026-10-04T15:00:52.123456,60:60:1f:aa:aa:01,-70,54.705200000000005,25.2978,76,54.700,25.290,1581F5FJDLOG0000001,"{""make"": ""DJI"", ""note"": ""a, \""quoted\"" value""}"
2026-10-04T15:00:52.123456,60:60:1f:bb:bb:02,-75,54.684799999999996,25.3,30,54.689,25.300,,"{}"
2026-10-04T15:00:54.123456,60:60:1f:aa:aa:01,-70,54.705400000000004,25.298099999999998,77,54.700,25.290,1581F5FJDLOG0000001,"{""make"": ""DJI"", ""note"": ""a, \""quoted\"" value""}"
2026-10-04T15:00:54.123456,60:60:1f:bb:bb:02,-75,54.684599999999996,25.3,30,54.689,25.300,,"{}"
2026-10-04T15:00:56.123456,60:60:1f:aa:aa:01,-70,54.705600000000004,25.2984,78,54.700,25.290,1581F5FJDLOG0000001,"{""make"": ""DJI"", ""note"": ""a, \""quoted\"" value""}"
2026-10-04T15:00:56.123456,60:60:1f:bb:bb:02,-75,54.6844,25.3,30,54.689,25.300,,"{}"
2026-10-04T15:00:58.123456,60:60:1f:aa:aa:01,-70,54.7058,25.2987,79,54.700,25.290,1581F5FJDLOG0000001,"{""make"": ""DJI"", ""note"": ""a, \""quoted\"" value""}"
2026-10-04T15:00:58.123456,60:60:1f:bb:bb:02,-75,54.6842,25.3,30,54.689,25.300,,"{}"
2026-10-04T15:01:00.123456,60:60:1f:aa:aa:01,-70,54.706,25.299,80,54.700,25.290,1581F5FJDLOG0000001,"{""make"": ""DJI"", ""note"": ""a, \""quoted\"" value""}"
2026-10-04T15:01:00.123456,60:60:1f:bb:bb:02,-75,54.684,25.3,30,54.689,25.300,,"{}"
2026-10-04T15:01:02.123456,60:60:1f:aa:aa:01,-70,54.7062,25.2993,81,54.700,25.290,1581F5FJDLOG0000001,"{""make"": ""DJI"", ""note"": ""a, \""quoted\"" value""}"
2026-10-04T15:01:02.123456,60:60:1f:bb:bb:02,-75,54.6838,25.3,30,54.689,25.300,,"{}"
2026-10-04T15:01:04.123456,60:60:1f:aa:aa:01,-70,54.7064,25.299599999999998,82,54.700,25.290,1581F5FJDLOG0000001,"{""make"": ""DJI"", ""note"": ""a, \""quoted\"" value""}"
2026-10-04T15:01:04.123456,60:60:1f:bb:bb:02,-75,54.6836,25.3,30,54.689,25.300,,"{}"
2026-10-04T15:01:06.123456,60:60:1f:aa:aa:01,-70,54.7066,25.299899999999997,83,54.700,25.290,1581F5FJDLOG0000001,"{""make"": ""DJI"", ""note"": ""a, \""quoted\"" value""}"
2026-10-04T15:01:06.123456,60:60:1f:bb:bb:02,-75,54.6834,25.3,30,54.689,25.300,,"{}"
2026-10-04T15:01:08.123456,60:60:1f:aa:aa:01,-70,54.7068,25.3002,84,54.700,25.290,1581F5FJDLOG0000001,"{""make"": ""DJI"", ""note"": ""a, \""quoted\"" value""}"
2026-10-04T15:01:08.123456,60:60:1f:bb:bb:02,-75,54.6832,25.3,30,54.689,25.300,,"{}"
2026-10-04T15:01:10.123456,60:60:1f:aa:aa:01,-70,54.707,25.3005,85,54.700,25.290,1581F5FJDLOG0000001,"{""make"": ""DJI"", ""note"": ""a, \""quoted\"" value""}"
2026-10-04T15:01:10.123456,60:60:1f:bb:bb:02,-75,54.683,25.3,30,54.689,25.300,,"{}"
2026-10-04T15:01:12.123456,60:60:1f:aa:aa:01,-70,54.7072,25.3008,86,54.700,25.290,1581F5FJDLOG0000001,"{""make"": ""DJI"", ""note"": ""a, \""quoted\"" value""}"
2026-10-04T15:01:12.123456,60:60:1f:bb:bb:02,-75,54.6828,25.3,30,54.689,25.300,,"{}"
2026-10-04T15:01:14.123456,60:60:1f:aa:aa:01,-70,54.7074,25.301099999999998,87,54.700,25.290,1581F5FJDLOG0000001,"{""make"": ""DJI"", ""note"": ""a, \""quoted\"" value""}"
2026-10-04T15:01:14.123456,60:60:1f:bb:bb:02,-75,54.6826,25.3,30,54.689,25.300,,"{}"
2026-10-04T15:01:16.123456,60:60:1f:aa:aa:01,-70,54.7076,25.301399999999997,88,54.700,25.290,1581F5FJDLOG0000001,"{""make"": ""DJI"", ""note"": ""a, \""quoted\"" value""}"
2026-10-04T15:01:16.123456,60:60:1f:bb:bb:02,-75,54.6824,25.3,30,54.689,25.300,,"{}"
2026-10-04T15:01:18.123456,60:60:1f:aa:aa:01,-70,54.707800000000006,25.3017,89,54.700,25.290,1581F5FJDLOG0000001,"{""make"": ""DJI"", ""note"": ""a, \""quoted\"" value""}"
2026-10-04T15:01:18.123456,60:60:1f:bb:bb:02,-75,54.682199999999995,25.3,30,54.689,25.300,,"{}"
